,Qoraalka,Qeybta,Predicted_Label,Corrected_Predicted_Label
1,Qaadka Kenya ee Deni u diiday Puntland miyuu ahaa ujeedka socdaalka XSM Dulaal Qaad miyeynu Dooranay Belo ku ciyaadhay,dhexdhexaad,dhexdhexaad,dhexdhexaad
14,Hassan Sheikh ayaa ka qaatay Aduun garaya 5 Milion Dalka Kenya si uu Qaadka igu Fasaxo,dhexdhexaad,dhexdhexaad,dhexdhexaad
24,Garoonka Loftus Road Stadium Garoonkaan waxaa ku ciyaarta kooxda sanadkii lasoo dhaafi loo celiyay horyaalka xeerka 3xaad ee Ingiriiska Kooxda Queen Park Rangers Gobalka Shepherd s Bush dalka Ingiriiska La furay sanadii 1904 Qaadka taageero 18 439,dhexdhexaad,dhexdhexaad,dhexdhexaad
30,Xaqbuu u leeyahay inuu qayilo qofkaasi illeen wuu ina iibsan hadii kale e Nin murqaamay oo Libaax ka sameeyay Caleentii qaadka ee uu cunayay kkkk X Saalax Sheekh Dayax,wanaag,wanaag,wanaag
35,Qaadka ay Itoobiya inoo soo dhoofiso,dhexdhexaad,dhexdhexaad,dhexdhexaad
36,Africa Qaadka ay Itoobiya inoo soo dhoofiso,dhexdhexaad,dhexdhexaad,dhexdhexaad
44,Kenya ayaa sheegtay inay qaadka Soomaaliya saddex asbuuc oo qudha inaga faa ideen 10 Million oo doollar Aragtidaada,dhexdhexaad,dhexdhexaad,dhexdhexaad
55,Masiibada Qaadka ee lagu soo faruuray Alaw ka joogi Adgaa ka joogi karee Aamiin,dhexdhexaad,dhexdhexaad,dhexdhexaad
60,wuu is boojeeyey markuu Uhurru iyo Raila Odinga uu isku xiray Odinga si loo soo saarana deg deg uu Qaadka Kenya ugu fasaxay Wixi ay kabaqayeen dhul gariir siyasaded ayaa Kenya kadhacay ayuu leeyahay wariye Gaylan Somalia,dhexdhexaad,dhexdhexaad,dhexdhexaad
64,Culimadu may arrimaha taagan ka hadlaan mayse xaqa caddeeyaan Culimada waajib bay ku tahay inay qaddiyadaha taagan ka hadlaan xaqana ay caddeeyaan lkn doodaha marfishka qaadka amp fadhi kudirirku maaha qaddiyado ummadeed xaquna maaha siday rabaan ninka qoyskiisa amp xisbigiisu,dhexdhexaad,dhexdhexaad,dhexdhexaad
72,Magaca wanaagsan ee quruxda badani waa asal madoorshe In aad Danqaran isku magcawdaan iyo in aad Qaadka Miirooga oo la wada ogyahay dhibta uu dadka ku hayo dalka kusoo fasaxdaan bal idinku is waafajiya hadii caqligiinu shaqaynayo Abaarta inta idinku aad keenteen dadka ka daaya,wanaag,wanaag,wanaag
82,Hassan sheikh wuxuu u arkaa in uu wax fiican ku yiri kaligii taliyaha Uganda Sida muuqata Hassan sheikh waa isaga dhexyaacday siyaasadii iyo beeso raadiskii Xaaskiisa Ninka qaadka u xiray maxaad ka sugi sxb,wanaag,wanaag,wanaag
83,gaboose2022 Guul inshallah Saddexda xisbi ee qabyaalad qoorta qaranka u sudhay waa in lala tartamaa Ha yeeshee aan aragno maanifesto Barwaaqo ma madnuuci doontaa soo dhoweynta UN iyo NGO yada sita magaca jiiraanka Qaadka raggii iyo dalkii dilay wax talo ah Abaaraha sidee u waajaheysaan,wanaag,wanaag,wanaag
94,Kalfadhiga soo socda waa in meesha laga tuuraa kabo qaadka Dammushabaab ee Aaden madoobe,dhexdhexaad,dhexdhexaad,dhexdhexaad
112,Garoonka 2aad ugu weyn wadanka Bulgaria ee lagu magacaabo Vasil Levski National Stadium Magaalada Sofia Dalka Bulgaria La furay sanadii 1953 Qaadka taageero 43 632,dhexdhexaad,dhexdhexaad,dhexdhexaad
140,Mudane Masawirada aad isticmaalayso oo ah baabuurka jawaanada daadinaya waa layaab in aad rumaysatto Jawaanka qaadka ah waa 1000 Waligaa mawaxaad aragtay 1000 doolar oo jawaanno ah oo sharab africaan ah loo daadinayo,wanaag,wanaag,wanaag
153,waa beentaa doosrashadii dhowaan dhacday Abukar soow adigii taageersanaa qaadka iyo cidda doonaysay inay ka ganacsato,dhexdhexaad,dhexdhexaad,dhexdhexaad
158,01 August 2019 ayuu iska celiyay passport kiisii USA kaas oo ahaa jinsiyadiisii 2aad halka Madaxweyne Xassan Dhiiqo uu hadda qaadanayo passport Kenya ayadoo uu qayb ka ahaa heshiisyadii ay kala saxeexdeen ee lagu fasaxayey qaadka Kenya waa kaaf iyo kala dheeri,dhexdhexaad,dhexdhexaad,dhexdhexaad
163,Qaadka Ethiopia waa caafimad kan Kenya waa daroogo Qabiiliste,dhexdhexaad,dhexdhexaad,dhexdhexaad
170,Kenya oo afar maalin gudaheed Qaadka ay keento Somalia ka faa iiday ku dhawaad labo milyan dollar,dhexdhexaad,dhexdhexaad,dhexdhexaad
177,Kenya oo afar maalin gudaheed Qaadka ay keento Somalia ka faa iiday ku dhawaad labo milyan dollar,dhexdhexaad,dhexdhexaad,dhexdhexaad
193,Kenya oo afar maalin gudaheed dhoofinta Qaadka ka faa iday ku dhawaad labo milyan oo dollar,dhexdhexaad,dhexdhexaad,dhexdhexaad
217,BNSomalia Jimco July 29 2022 Ganacsatada Qaadka Miiroowga keenta Muqdisho oo ku dhawaaqay shaqo joojin laba Maalin ah Somalia,dhexdhexaad,dhexdhexaad,dhexdhexaad
218,Muqdisho Banllywood Ganacsatada Qaadka Miiroowga keenta ayaa shir jaraa id oo ay ku qabteen magaalada Muqdisho waxay ku sheegeen iney joojinayaan qaadkii ay keeni jireenGuddiga ganacsatada ee ku mideysan dalada Qaadka Miiroowga keenta ayaa sheegay inaysan magaalada qaad keeni,dhexdhexaad,dhexdhexaad,dhexdhexaad
227,Ganacsato shaacisay magacyada xubno siyaasiyiin ah oo loo xiray qaadka Kenya,dhexdhexaad,dhexdhexaad,dhexdhexaad
232,Taariikhda qaad iyo goortay somalidu barteen qaadka,dhexdhexaad,dhexdhexaad,dhexdhexaad
242,Taariikhda qaad iyo goortay somalidu barteen qaadka,dhexdhexaad,dhexdhexaad,dhexdhexaad
245,Qaadka habaar lagu kari waa cashuur fuxshi sin tax lagu kari waa mamnuucid ilaa Siyaad Barre lagu kari waa Soomalidana waa ceyrteeyey maxay idinla tahay haddii ay Somalida gudaha dalkooda ku beertaan oo ay lacagta dhexdooda dhaafin mise qaadku kama baxo dhulka kulul,dhexdhexaad,dhexdhexaad,dhexdhexaad
250,Gudoomiye Barlamaan oo lagu qanciyey Qaadka ayaa wax lagaa siin maxaad ka sugeysaa,dhexdhexaad,dhexdhexaad,dhexdhexaad
251,Taariikhda qaad iyo goortay somalidu barteen qaadka,dhexdhexaad,dhexdhexaad,dhexdhexaad
252,Taariikhda qaad iyo goortay somalidu barteen qaadka,dhexdhexaad,dhexdhexaad,dhexdhexaad
260,Taariikhda qaad iyo goortay somalidu barteen qaadka,dhexdhexaad,dhexdhexaad,dhexdhexaad
261,Taariikhda qaad iyo goortay somalidu barteen qaadka,dhexdhexaad,dhexdhexaad,dhexdhexaad
266,Qaadka hala joojiyo,dhexdhexaad,dhexdhexaad,dhexdhexaad
276,Siyaasada dowladiinu waxay ku soo ururtay qancinta Kenya iyo Masar iyo habraha qaadka ee Xamar iyo ka qoslinta UAE waxaana meesha ka sii baxaysa dowladnimadii iyo ciidankii qaranka loo dhisay,wanaag,wanaag,wanaag
301,Kenya oo maanta bilaabeyso duulimaadyada qaadka ee Soomaaliya,dhexdhexaad,dhexdhexaad,dhexdhexaad
303,BNSomalia KENYA oo maanta bilaabeyso duulimaadyada qaadka ee Soomaaliya Somalia,dhexdhexaad,dhexdhexaad,dhexdhexaad
306,KENYA oo maanta bilaabeyso duulimaadyada qaadka ay usoo dhoofiso Soomaaliya,dhexdhexaad,dhexdhexaad,dhexdhexaad
313,11 Qodob Ayaa SOMALIA amp KENYA Ku Heshiiyeen HAL QODOB Kaliya Ayaa La Hadal Hayaa Waana QAADKA Wixii Kale Halkii Lagama Soo Qaadin Wargalintan In Qaadkii Bilaabanayo 24 JULY Haddii ay Dhab Noqoto Waxan Hubaa Kenya In Aanay FULIN Doonin Qodob Kale Sidii Looga Bartay Kajooga,wanaag,wanaag,wanaag
319,Daawo Xasan Sheekh oo looga digay qorshaha qaadka Kenya loogu xirayo dad gaar ah via,wanaag,wanaag,wanaag
328,Qaadka Jaadka ka ganacsigiisa iyo lacagta laga helaa waxaa lagu sheegi jiray inay xaaraan tahay waana laga xishoon jiray in dad bulshada magac ku leh iyo siyaasiyiin u dhow madaxweyne ay daneeyaan ka ganacsigiisa waa burbur bulsho hor leh inoo soo hooyatay,wanaag,wanaag,wanaag
333,Casharkii Nabad iyo Nolol ee Siyaasada Somaaliya vs Casharka Damjadiid ee Qaadka,dhexdhexaad,dhexdhexaad,dhexdhexaad
335,Ganacsatada Qaadka u dhoofiya Soomaaliya ayaa sheegay in shaqsiyad dowlada ka mid ah lo xiray qadka kenya,dhexdhexaad,dhexdhexaad,dhexdhexaad
339,Markale Xaraash ka dumarka Soomaaliyeed oo ka bilowday Somalia Hassan Dhiiqo maadama uu Zaani yahay gabadhihii Soomaaliyeed Waa kaas beec geeyay MBB ma Qarin karaa amp ABB midna Madaxwayne Farmaajo allaha xafido Waayo Somalia Qaadka Waa uu u diiday Isla markaana Dumar ma gadanin,dhexdhexaad,dhexdhexaad,dhexdhexaad
344,Fadeexaddii Qaadka amp Jabkii Alshabaab via,dhexdhexaad,dhexdhexaad,dhexdhexaad
346,Fadeexaddii Qaadka amp Jabkii Alshabaab,dhexdhexaad,dhexdhexaad,dhexdhexaad
349,Ganacsato shaacisay magacyada xubno siyaasiyiin ah oo loo xiray qaadka Kenya,dhexdhexaad,dhexdhexaad,dhexdhexaad
361,Kenya oo bilowday bixinta shatiyada Qaadka loo soo dhoofinayo Soomaalia,dhexdhexaad,dhexdhexaad,dhexdhexaad
367,Canshuurta qaadka Rooble baahane iyo 30 jir 30 milyan miyaa qaadanaaya mise dawladda ayaa qaadaneeysa,dhexdhexaad,dhexdhexaad,dhexdhexaad
393,Qaadka waa la sharaystay laakiin waxaan filayaah dad miyirka la in uu wadanka ka hayo Way cadahay qof garad leh oo garanaya xaalada dadka Somaliyed ay ku suganyihiin in uusan cunayn qaad Malaha waxaa wanaagsan in la iska daayo hadaaqeen inta wadanka ay ku sifaadi lahayen,wanaag,wanaag,wanaag
397,Ganacsatada qaadka Kenya oo dalbaday in loo dedejiyo shatiga dhoofinta qaadka via,dhexdhexaad,dhexdhexaad,dhexdhexaad
412,Khiyaano ku jirtay heshiiskii qaadka ee FARMAAJO iyo Itoobiya oo hadda laga digay via,dhexdhexaad,dhexdhexaad,dhexdhexaad
413,BNSomalia Khiyaano ku jirtay heshiiskii qaadka ee FARMAAJO iyo Itoobiya oo hadda laga digay Somalia,dhexdhexaad,dhexdhexaad,dhexdhexaad
427,Anigu sida cad maqaalkayga ma kala dooran xasan sheekh hortii farmaajo hortii waa fikir aan qabay ij qaadka laga joojiyo Somalia oo dhan waa damiir dile waa dareen dile waa qosy bur buriye qofka cunaana wuu ka maqan yahay saaxada dunida NoMoreMira,dhexdhexaad,dhexdhexaad,dhexdhexaad
431,Dadka soomaaliyeed inta badan waa diidanyihin in qaadka Kenya dalkooda la keeno Doodoodu waxay ku salaysantahay in qaadku la imanayo halis balaaran oo did u dhac iyo dhaawac u geysaneysa bulshada HSM waa diideyn rabitaanka dadkiisa wuxuuse ogolaaday oo fuliyey kan dadka kenya,wanaag,wanaag,wanaag
437,Hadii aanay Ummadda Muslimiinta Soomaalidaa ee aad Caruurtooda Qaadka usoo dhoofineyso si ay ugabaan Mustaqbalkooda ilaaheey adiga Qoyskaagaba Musiibo ha isinku rido Qaad oo inaad joojiso baan kaaga fadhinaye Musiibo baad isku badashay Musiibo aan horay loo aragi kugu dhcday,dhexdhexaad,dhexdhexaad,dhexdhexaad
448,Qiimaha Qaadka ee Kenya Dowladdu ha xakameyso ugu badnaan 3 kg maxaa yeelay Beeraleyda Kenya qiimo badan uguma fadhiyo ileen Qaadku ma soo maro process iyo warshadeyn midna,wanaag,wanaag,wanaag
449,Baahane 30 jir Xasan dhiiqo Sadexdaas kheyru masuul ayaa qandaraaska qaadka qaatay,dhexdhexaad,dhexdhexaad,dhexdhexaad
451,Anaga maan beeranno qaadka hadaanan ka maarmin Maxaa isku tashigii naga qaaday waa yaabe,dhexdhexaad,dhexdhexaad,dhexdhexaad
466,Fadlan dadk somaliyeed malkasta ay jogaan halaga so horjesto qaadka Kenya iyo kan Ethiopia kuli fadlan yaan la iibsan,dhexdhexaad,dhexdhexaad,dhexdhexaad
479,NN Qaadka Ethiopia waa caday ka Kenya na waa sun Bal is waafaji,dhexdhexaad,dhexdhexaad,dhexdhexaad
481,Cimrigiisa ma laaste waa waxaan caynka rageed iyo caqli buuran lahayn Ma cidleeyey dadkiisiyo carradii laga beeray Ohe ciil badanaa waxaan caymo lahayn iyo candadowl meel iska taagan Dadkii oo cunto waayey ninka qaadka carbuuntay ee cadowgii nagu naaxshey Caaddilow naga doori,wanaag,wanaag,wanaag
490,Ganacsatada Qaadka Muqdisho Oo Soo Dhaweeyay Dib U fasixida Qaadka Keenya,dhexdhexaad,dhexdhexaad,dhexdhexaad
494,Kenya ayaa soomaliya u dhoofisa qaadka somaliya ayaa kenya u sodhoofisa lacag dollar ah keenaya,dhexdhexaad,dhexdhexaad,dhexdhexaad
498,Warqaddii uu qaadka ku joojiyey AHN M S Barre aabihii ummadda Soomaaliyeed,dhexdhexaad,dhexdhexaad,dhexdhexaad
513,Qaadka marna lama madnuucin Sidii sharciga ahayd ee ay dawladduna cashuurta ka helaysay uun baa la joojiyay halkaana qaadka Ethiopia ayaa la soo geliyay Qaadku waa imanayaa inta Soomaalidu qayilayso Soomaalina ka ganacsanayso,dhexdhexaad,dhexdhexaad,dhexdhexaad
524,Haddiiba aan Qaadka la joojinayn ma jiraa qaab lagu dhimi karo kharashka nooga baxa via Media,dhexdhexaad,dhexdhexaad,dhexdhexaad
526,Qaar ka mid ah gabdhaha ka ganacsada Jaadka ee magaalada Muqdisho ayaa ugawaramay sida ay u arkaan heshiiska madaxda Somaliya amp Kenya ay kala saxiixdeen P1 Qaadwale Farmaajo ayaa haweenkan dhuunta qabtay oo walaalkiis ku naasnuujinayey qaadka Ethiopia,dhexdhexaad,dhexdhexaad,dhexdhexaad
560,Hadana berito hano sharaxo faidada uleyahay Qaadka shacabkana ha nacamleyan un,dhexdhexaad,dhexdhexaad,dhexdhexaad
564,Xasan Xaraash shalay ayuu Kenya aaday Qaadka inuu soo fasaxo bes ayuuna u aaday maantana Muqdisho ayuu ku soo laabtay Somalia,dhexdhexaad,dhexdhexaad,dhexdhexaad
591,Runtii Madaxweynuhu Dhib Sameeyan Dhibku Waa Anaga Aan Isi Saxno Oon Iska Dayno Ka Ganacsiga Qaadka Iyo Cunistiisa Bal In La arko Diraad Qaad Sida Diidmada Qaadka Haday Dhab Naga Tahay Aan Bulsha Ahaan Kaga Harno Cid Nagu Qasbeyso Malahane,dhexdhexaad,dhexdhexaad,dhexdhexaad
600,MW hore e Somalia Farmajo iyo MW hada Mudane Xasan waxaa soo kala dhaweeyey 2da Wazir ee Xilligas iyo Hada ee BearShare Qaadka Taasna iyaga kama image waa Somalida Cunta ama Daaqda Qaadka baa heeerkaas gaarsiiyey madaxda dalka Xishooda Qaad daaqda,dhexdhexaad,dhexdhexaad,dhexdhexaad
613,Dooda ku saabsan Qaadka ee u dhaxeysa kooxaha kala taageersan MW hore Farmaajo iyo MW Xasan Sheekh waxay hilmaameen in qaadku yahay musiibo qaran oo dalkii laga keenaba aan wax faa ido ah innoogu jirin Kenya iyo Itoobiya waxay u tartamayaan waa suuqa Jaadka oo ah Soomaaliya,dhexdhexaad,dhexdhexaad,dhexdhexaad
617,Maxaan Kenya kaga badalanay qaadka lasoo fasaxay,dhexdhexaad,dhexdhexaad,dhexdhexaad
669,Mudane madax weyne ma waxad rabtaa inaad dalka usoo fasaxdo in Keeniya qaadka keento oo waddanku qaadka la keeno waad ogtahay keeniya dhibaatada ay ku hayso qaranimada soomaaliya iyo iney markasta kaxintahay horimarka wadaneena sidoo kalena ay dad shacab ah ku xasuqday xadbenadka,dhexdhexaad,dhexdhexaad,dhexdhexaad
670,Diplomaasiyada ma aha in dawlada kenya oo bisha august doorasho galeeysa heshiis lala saxiixdo Teeda kale danta soomaaliya ugu jirto in qaadka la fasaxo maxeey tahay,dhexdhexaad,dhexdhexaad,dhexdhexaad
677,Kenyatta kalluunkaan uga badalanaynaa jaadka qaadka Nuxurka heshiiska,dhexdhexaad,dhexdhexaad,dhexdhexaad
678,Macalimiinta waalidinta iyo shacabka somaliyed ha u kacan siday caruurtooda uga wacyi galin lahayen daroogada qaadka Meshan madax waajibk Allah saaray ka so baxaysa uma jeedo e,dhexdhexaad,dhexdhexaad,dhexdhexaad
681,Madaxweyne Xasan Shiikh ayaa Kenya ku xiray 3 shuruud si loogu fasaxo Qaadka 1 Fududeynta safarrada On Arrival VISA 2 Ku biirista ururka bulshada bariga Africa helidda East Africa Passport 3 In Kalluunka laga soo saaro xeebaha baddeenna loo dhoofiyo Kenya KENSOM DEAL,dhexdhexaad,dhexdhexaad,dhexdhexaad
688,MADAXWEYNE FADLAN QAADKA KENYA HA NAGU SOO FASAXIN KAN ETHIOPIA NA JOOJI,dhexdhexaad,dhexdhexaad,dhexdhexaad
689,DEG DEG Dawladda Soomaaliya ayaa ogolaatay in Qaadka Kenya la geeyo gudaha Soomaaliya sidaas ayaa kasoo baxday wada hadalo ay yeesheen madaxda labada dal,dhexdhexaad,dhexdhexaad,dhexdhexaad
701,Sidani qaadka naga hoo miya Waxaan madaxwayne qabilay shirkada qaadka mirowga Imisaan lahayn Waar ka joog ileen asqoobay,dhexdhexaad,dhexdhexaad,dhexdhexaad
707,Safarkii dhimashada somalia ayuu u baxay maanta iyo dhimashada afaf badan oo qaadka cuna allow naga soo gaar lax ayaa na hugaaminaysee,wanaag,wanaag,wanaag
708,Madaxweyne Xasan Sheekh Maxamuud ayaa u safray Kenya Waa safarkiisii afaraad tan iyo intii la doortay Arrimaha safarkan sida weyn isha loogu hayo waxaa ka mid ah xanibaada qaadka Kenya saaran,dhexdhexaad,dhexdhexaad,dhexdhexaad
709,Qaadka Kenya oo somaliya iibsato Kenya oo kaluunka somaliya iibsata xidhidhka labada dal oo dib loo wanajiyo kadib sadex sanno oo uu xumaa heer safaradaha la kala rarto xiligii farmajo Qodobadas iyo kuwo Kalo badan ayaa Isha lagu hayaa Safarka madaxwayne xasan shekh ee,dhexdhexaad,dhexdhexaad,dhexdhexaad
710,Hassan Sheekh Mohamuud Hassan Dhiiqo oo Kenya u baxay si uu Badda Somalia ugu saxiixo Kenya isla markaana Qaadka amp Daroogada ay ugu fasaxaan maadama uu qandaraaskaas siiyay Beeshiisa Wacaysle Baahane ee Gaajaysan ee Deegaanada Ceeldheer amp Xarardheere Shabaab uga soo baxay,dhexdhexaad,dhexdhexaad,dhexdhexaad
711,Mudane Madaxweyne Hassan Sheikh Mohamud Kenya waxay soo saartay sharci lagu xakamaynayo isticmaalka Qaadka Kenya gudaheeda si loo xafido mustaqbalka dhalinyarada Kenya Dhanka kale Kenya waxay kaa codsatay in diyaaradaha qaadka loo fasaxo Soomaaliya si loo dumiyo mustaqbalk,dhexdhexaad,dhexdhexaad,dhexdhexaad
714,NEWS Xasan Sheekh oo ku wajahan Nairobi iyo qorshaha dib u furista Qaadka Kenya,dhexdhexaad,dhexdhexaad,dhexdhexaad
717,Aadbaad umahadsantahay madaxwayne waana kaa filaynay shaqada wanaagsan ood qaranka uhaysid sidaana ku sii hogaami dalkaaga hooyo Waxaan anigu soojeedinlahaa hadii Kenya qaadka ayrabto inan suuq unoqono ilayn waa maandooriyee waa inay anakana naga qaataan geedka binjiga mirihisa,wanaag,wanaag,wanaag
734,Soomaali Ethiopia iyo Kenya heshiis la ihi waa Soomaali qaadka xoog u cunta Ballanteennu waa ummad marna wada marqaansan marna wada qaaddiraysan,dhexdhexaad,dhexdhexaad,dhexdhexaad
744,Somaliland iyo Itoobiya oo ka heshiiyay qiimaha qaadka iyo arrimo kale,xumaan,xumaan,xumaan
747,Abtirsigu waa nooc ka mid ah dammaanad qaadka amniga qaranka oo haddii uu qof diido ama ceebeeyo waa inuu meere kale aado dhalasho iyo Abtirsigu waa mid kaabaya aqoonsiga xooggan ee Soomaalida,wanaag,wanaag,wanaag
767,Heshiiskii ay DF ku fasixi laheyd qaadka Kenya oo dib u dhacay Sababta,dhexdhexaad,dhexdhexaad,dhexdhexaad
772,War kasoo kordhay heshiskii qaadka Kenya ee Soomaaliya lagu fasixi rabay,dhexdhexaad,dhexdhexaad,dhexdhexaad
793,Heshiiska u dhexeeya USC SNA iyo SPM SNA ee ay soo abaabuleen Madoobe iyo Xamse Cabdi oo isku dhanc ah iyo Rooble iyo Dhabancad oo isku dhinac ah ee lagu doonayo in ay dib ugu qabsadaan Jubbooyinka ilaa Kenya bedelkii Caydiid iyo Axmed Cumar Jees iyo doonis Roble ee qaadka Kenya,dhexdhexaad,dhexdhexaad,dhexdhexaad
796,Abwaan Hadraawi asagoo la hadlaya raga Qaadka cuna wuxuu yiri Uub baad ku jirtaa qarsoone Ka soo baxa iilka Qaadka Adduunka ragoow mar kaalay Abuurtiyo heega daawo,dhexdhexaad,dhexdhexaad,dhexdhexaad
803,i wrote before 4 year ago Qisooyinka qaadka i collected 50 of the funniest stories among the khat chewers,dhexdhexaad,dhexdhexaad,dhexdhexaad
808,Shirkadaha Qaadka Keena JSL Oo Ku Dhawaaqay inay Joojin Doonan Qaadkii uga iman Jiray Dalka Itoobiya,dhexdhexaad,dhexdhexaad,dhexdhexaad
811,DAAWO Somaliland oo joojinaysa qaadka Itoobiya,dhexdhexaad,dhexdhexaad,dhexdhexaad
816,Ganacasada Somaliland ee qaadka ka keenni Jirey Ethiopia ayaa sheegay iney joojinayaa La soco warkan,dhexdhexaad,dhexdhexaad,dhexdhexaad
823,Wixii Farmaajo laga diiday ma laga aqbali doonaa Xasan Sheekh Qaadka Kenya via Halgan,dhexdhexaad,dhexdhexaad,dhexdhexaad
825,Wixii Farmaajo laga diiday ma laga aqbali doonaa Xasan Sheekh Qaadka Kenya,dhexdhexaad,dhexdhexaad,dhexdhexaad
843,Kenya oo shaacisay xilliga la saxiixayo hesiiska qaadka ay u dhoofiso Soomaaliya,dhexdhexaad,dhexdhexaad,dhexdhexaad
847,Kenya Oo Shaacisay Xilliga La Saxiixayo Hesiiska Qaadka Ay Usoo Dhoofiso Soomaaliya,dhexdhexaad,dhexdhexaad,dhexdhexaad
852,Dowladda Kenya ayaa sheegtay in dhawaan la fasaxi doono qaadka laga keeno dalkaasi kaasi oo lageeyo qeybo kamid ah Somalia sida ay qortay warbaahinta dalkaasi,dhexdhexaad,dhexdhexaad,dhexdhexaad
862,Goorta ay Soomaaliya fasaxeyso qaadka Kenya oo la shaaciyey,dhexdhexaad,dhexdhexaad,dhexdhexaad
869,NEWS Dowladda Kenya oo shaacisay xiliga Soomaaliya ay fasaxeyso Qaadka,dhexdhexaad,dhexdhexaad,dhexdhexaad
871,Manhajka waxbarashada halagu daro dhibaatada qaadka,dhexdhexaad,dhexdhexaad,dhexdhexaad
872,of Hargeisa sang in tribute to Qaat 1 Anigaa furoo qaadka waa lagu fahmeystaaye 2 Filkaaga iyo waayeeladuu kula fariishaye 3 Afkana wuu furaa maansaduu kuu fidshaa abid e 4 Fagaarihiyo haasaawuhuu aad u fiic yahaye 5 Kolkaad hawl faraha saarto buu sii fariid yahay,dhexdhexaad,dhexdhexaad,dhexdhexaad
888,Waa kuma Hamza Abdi Barre Hamza Abdi Barre Waa kaba qaadka Shaydaan Madoobe dhuxulayste and Geedanaar waa Haraadigii Tikreega Ethiopia TPLF amp Jaajuus u shaqeeya Kenya Waa ingineerkii dajiyay 3 ayaa kuu keenaa ee 1 kala Bax Waa raisulwasaaraha cusub ee Hassan Dhiiqo he is evil,dhexdhexaad,dhexdhexaad,dhexdhexaad
892,War qaadka ugu badan Somaliland cunta waa uun sidaa,wanaag,wanaag,wanaag
899,Maxay Kenya kaga badelanaysaa Soomaaliya dhoofinta qaadka Halkan ka akhri ururka ubucda u noqon kara xiriirka nashaadsan ee Soomaaliya iyo Kenya,dhexdhexaad,dhexdhexaad,dhexdhexaad
924,Somalida soo tan isdileysa Allah hana heshiisiiyee dunida heshiiskeeda ma in qaadka naloo keenaa annagan aan lacag siino,dhexdhexaad,dhexdhexaad,dhexdhexaad
942,Dowladda Federaalka ayaa ka jawaabtay warka kasoo baxay dowladda Kenya ee ku saabsan in dib loo fasaxay Qaadka Kenya ee iman jiray Dalka oo hadda xayiran muddo laba sano ah iyadoo la sheegay in Wada hadalo ay yeelan doonaan 2 Dal Todobaadka soo socda,dhexdhexaad,dhexdhexaad,dhexdhexaad
951,Qaadka itobiya waa daawo miyaa war dad aan xishoon CBB iga dheh,dhexdhexaad,dhexdhexaad,dhexdhexaad
960,Warka Kenya sheegtay ee ka hadlaysa Qaadka ma jirto wax nagu qasbaya inaan qaadano waxaan ka war sugaynaa Madaxdeena Qaranka ama ha rumeeyeen ama ha beeniyeene,dhexdhexaad,dhexdhexaad,dhexdhexaad
961,Hadii kenya qaadka loo fasaxay maxaa noo xal ah ma oran karnaa anaga somali hadaa nahay diyaarad walba oo timaada waa inaa kabuuxinaa kalluun ama sisin iwm,dhexdhexaad,dhexdhexaad,dhexdhexaad
962,Arinta Qaadka Aya laga wada hadlaya,dhexdhexaad,dhexdhexaad,dhexdhexaad
963,Dowladda Soomaaliya lagu wadaa in ay fasaxdo Qaadka Miirooga ee ka yimaada wadanka Kenya ka dib wada hadalo dhexmaray Madaxda sare ee labada dal,dhexdhexaad,dhexdhexaad,dhexdhexaad
983,Duni heshis ah maba jiro waa interest mesha kuku jiro lakin duni heshis orade qaadka so fasax adoo visa kugalka 3 ila 5 boqol dolar lakaqadayo asna uu milyanis kasogalayo safir parlaman malinkasta lashirayo sharafta dalka ilaliya duni heshis ah hadee jirto wada kasta qani,dhexdhexaad,dhexdhexaad,dhexdhexaad
998,Sow tii NN Qalbi Dhaggax TPLF amp cadowga 1aad ee Somalida u gacan galisay Ma umul baa tihiin ilowsho dhawidinee Farmaajo Qaadka Ethiopia waa xalaal kan Kenya na waa Xaaraan Sheekadaas EEYAA cunay bay Reer Xamarku yiraahdaan,dhexdhexaad,dhexdhexaad,dhexdhexaad
1016,Abdullahi Mohamed Nuur ayaa heshiis lagalay Kimathi Munjuri Gudoomiyaha Ururka Ganacsata Miiraaga Chairman of Mira Traders Assossiation In qaadka laga soo dejiyo Heshiiskan Kenya waxa kasoo geli Malaayiin Wadamo badan jaadka waxay kudareen Liiska Maandooriyaha,dhexdhexaad,dhexdhexaad,dhexdhexaad
1029,Farmaajo Qaadka somalia dhan ku so dago wlalkis ayaa heystay wana sababta uu kenya ula dagaalay faaido isaga oo fiirinaayo hhhhh,dhexdhexaad,dhexdhexaad,dhexdhexaad
1042,Beeralayda Qaadka ee Kenya oo dabaal dagaysa kaddib Markii Madaxwayne rabitaankooda ka shaqeeya Ay Heleen ripsomalia,dhexdhexaad,dhexdhexaad,dhexdhexaad
1049,Walaal siciid fadlan la xidhiidh Mr Cawaale Qaaddiid Twitterkiisa waa waxaad la socodsiisa Qaadka Gaalkacyo la keeno kadib markii la doortay XassanSheikh,dhexdhexaad,dhexdhexaad,dhexdhexaad
1074,Mudane madaxweyne tijaabada koowaad ee aad maraysaa waa sida aad ka yeesho qaadka kenya ee dhaqaalaha Somaliya burburiyey illahay kaga baq masuuliyada oo umada ha ku soo dayn aafadaa laga nastat waan kuu ducaynaynaa in alle kuu fudaydiyo xilgudashada,wanaag,wanaag,wanaag
1077,Maxaad ka tiri Dabaaldaga ka dhacay Magaalada Qaadka Kenya Xalay,dhexdhexaad,dhexdhexaad,dhexdhexaad
1081,Waxan ka codsanya madaxweynaha cusub inuu San qaadka soo celin kunjeer,wanaag,wanaag,wanaag
1082,Markaasu Farmajo ku dhaha waxbaan qabtay iyado intano howl ee u Hassan 2017 ka tagay sideedi tahay Ciidanka Farmajo ee mushahar intu siyo qaadka Ethiopian ka u kenaye Tiktok u wada furnayen en waligood AS la dagaalin hada laga bilabo shaqa qarana u talaa ama minikoda adayan,dhexdhexaad,dhexdhexaad,dhexdhexaad
1089,Marka qaadka itoobiya xalal noqday midka kenyana xaraan noqday,dhexdhexaad,dhexdhexaad,dhexdhexaad
1108,Waxqabadkisa looma baahna inuu sheego oo Madaxweynaha hantida qaranka xitta kabo kama gadan Ololihisa Page ka Villada ma u isticmalin hanti dhowrid darted Alalaska nocan ah arosyada xitta lagama alalasin wayadan Qaadka itobiya ninka walalkis u xiraya hanti ilalina lagu laha,dhexdhexaad,dhexdhexaad,dhexdhexaad
1112,SAWIRO Cilmi baaristi labaad saameynta Qaadka PDRC,dhexdhexaad,dhexdhexaad,dhexdhexaad
1118,Kubada cagtu maxay qaadka uga jeedin weyday,dhexdhexaad,dhexdhexaad,dhexdhexaad
1123,SL Dr waa sida aad sheegtaye Somaliland maanta qarannimada waxa ka xoog weeyn Qabyaalad iyo Qaadka Ilahay ha inaga qabto labadaas,dhexdhexaad,dhexdhexaad,dhexdhexaad
1126,Lakiin middaas ah qaad buu hebel keenn nin ganacsanaayo iyo nin hantidii dalka jeebka ku shubtay miyaa isku mid ah qaadka waa ganacsi soomaalidda taqaan Anigow dhaheeyn he is right haddana danbi kalaweyn kalana culus HSM markad fiiriso siduu u dhaqmay intuu kurisga joogay shame,dhexdhexaad,dhexdhexaad,dhexdhexaad
1133,Kaba qaadka axmed madoobe adigu cid kale daba dhilif uma tihid oo an ka ahayn m madoobe afar quruush ayad dhafsatay deegankagi,dhexdhexaad,dhexdhexaad,dhexdhexaad
1137,Bisha Soon qaadka waa bil ku haboon sameynta caadooyin cusub oo ka duwan bilihii hore wanaagna kuu horseeda iyo badinta cibaadada Ka fogaanshaha lagwiga hadalka xun waa mid ka mid ah kuwa ugu muhiimsan in la sameeyo Ramadan22,wanaag,wanaag,wanaag
1168,Farmaajo Qaadka Kenya waa Zara an,dhexdhexaad,dhexdhexaad,dhexdhexaad
1171,Qaadki soo dhacayeey waxaan soo xasuustay suuqi Siinay ee Qaadka,dhexdhexaad,dhexdhexaad,dhexdhexaad
1172,Wararkii Ugu Danbeyeey RW Ku xigeenka XFS ayaa magaalada Doha ka qayb galay Madasha Amiirka Dowladda Qatar Sheekh ayaa si diirran u soo dhaweeyey isagoo RW Ku xigeenka uga mahadceliyey sida wanaagsan ee uu u ajiibay marti qaadka,wanaag,wanaag,wanaag
1178,Dooda dadban ee uae soo xawishay kenya qaadka loogu furayo cirka geeh loomana baahna,dhexdhexaad,dhexdhexaad,dhexdhexaad
1215,Farmaajo qaadka iska daa sxb,dhexdhexaad,dhexdhexaad,dhexdhexaad
1219,Maalinta balan qaadka aduunka Nala wadaag balan aad qaaday ood sideedi u oofisay,dhexdhexaad,dhexdhexaad,dhexdhexaad
1221,Kalmado Ku Saabsan Daah Ka Qaadka Shabakada Cusub Ee Sheekh Cabdulkariim Xasan Xoosh via,wanaag,wanaag,wanaag
1224,Xawaan iska waynaaday baad tahay oo wali edeb darona ku darsan Qaadka maadaa u qaadaay bal doofaarnimadaada day Nadal fooqal nadal,dhexdhexaad,dhexdhexaad,dhexdhexaad
1228,Maxaa laga yeelayaa kunka nacasnimo ee dib inoo dhigaya ee aynnu dugsanaynno ee qaadka ah qabiilka ah qoloqolada iyo qoqobada ah iyo nacasnimada odhanaysa daantaas ayaynnu nahay ee yaan daantaas loo gudbin Hawaale waran,xumaan,xumaan,xumaan
1229,Ragu isku mid maha abayo kuwa waligood qaadka cunin ayaa jira,dhexdhexaad,dhexdhexaad,dhexdhexaad
1231,Balan qaadka eebe waa waxa ugu qaalisan ee aan ku haysano dunidaan korkeeda,wanaag,wanaag,wanaag
1245,Talo Caafimaad Xanuunada ku dhaca dhimirka waddankeenna waxay ku badanyihiin dadka maandooriyaha qaadka aadka u cuna waxay sheegaysaa baaritaano la sameeyay iney jirto waxyeello caafimaad oo toos ah oo uu ku leeyahay jirka iyo maskaxda dadka cuna qaadka Joog cunistiisa jaadka,xumaan,xumaan,xumaan
1248,Farmaajo Waa markuu qaadka tufo si uu cajaladii xalay dib ugu dhageeysto haye Jagaaaaaaac,dhexdhexaad,dhexdhexaad,dhexdhexaad
1249,Maxaa laga yeelayaa kunka nacasnimo ee dib inoo dhigaya ee aynnu dugsanaynno ee qaadka ah qabiilka ah qoloqolada iyo qoqobada ah iyo nacasnimada odhanaysa daantaas ayaynnu nahay ee yaan daantaas loo gudbin Hadraawi,xumaan,xumaan,xumaan
1254,Dhuxusha kismaayo malaga hadlay Qaadka PM lasoo dagayo malaga hadlay Dhulkii ciidanka badda malaga hadlay,dhexdhexaad,dhexdhexaad,dhexdhexaad
1258,U beenaale CBB ah ayaa tahay orod farmaajo u sheeg qaadka ha joojiyo,dhexdhexaad,dhexdhexaad,dhexdhexaad
1274,Cumar Filish Qaadka laga keeno Kenya ee dowladdu mamnuucday waxaa lagu,dhexdhexaad,dhexdhexaad,dhexdhexaad
1286,Maxaa laga yeelayaa kunka nacasnimo ee dib inoo dhigaya ee aynnu dugsanaynno ee qaadka ah qabiilka ah qoloqolada iyo qoqobada ah iyo nacasnimada odhanaysa daantaas ayaynnu nahay ee yaan daantaas loo gudbin HawaaleWarran Abwaan M I Hadraawi,xumaan,xumaan,xumaan
1287,ayaa qoray Qaadka Maan dooriye Ka Ganacsigiisa uu Keeno Eex iyo Musuq Gudaha iyo Qalalaaso Dibadda ah,dhexdhexaad,dhexdhexaad,dhexdhexaad
1290,Maxaa laga yeelayaa kunka nacasnimo ee dib inoo dhigaya ee aynnu dugsanaynno ee qaadka ah qabiilka ah qoloqolada iyo qoqobada ah iyo nacasnimada odhanaysa daantaas ayaynnu nahay ee yaan daantaas loo gudbin HawaaleWarran Hadraawi,xumaan,xumaan,xumaan
1291,Maxaa laga yeelayaa kunka nacasnimo ee dib inoo dhigaya ee aynnu dugsanaynno ee qaadka ah qabiilka ah qoloqolada iyo qoqobada ah iyo nacasnimada odhanaysa daantaas ayaynnu nahay ee yaan daantaas loo gudbin HawaaleWarran Hadraawi,xumaan,xumaan,xumaan
1293,Maxaa laga yeelayaa kunka nacasnimo ee dib inoo dhigaya ee aynnu dugsanaynno ee qaadka ah qabiilka ah qoloqolada iyo qoqobada ah iyo nacasnimada odhanaysa daantaas ayaynnu nahay ee yaan daantaas loo gudbin HawaaleWarran Hadraawi,xumaan,xumaan,xumaan
1297,Luuqadaan waa mid Atoore tuulo Gedo ku taalo degan oo qeybta qaadka loo diidey oo soo sameystey tw cinwaan cusub ee xarfaanka ma ogo in dadkiisa la caawiyey oo Abaaruhu ku dhufteen waa qof doqon ah sorry,wanaag,wanaag,wanaag
1306,Muxuu yahay Balan qaadka Rooble u sameeyay Musharixiinta,dhexdhexaad,dhexdhexaad,dhexdhexaad
1316,Austin Mareykanka waxaa ka go an ballan qaadka amni ee Bariga Dhexe,dhexdhexaad,dhexdhexaad,dhexdhexaad
1318,Dammaanad qaadka ugu badan ee dhaqaale ee Barcelona Jose Elias ayaa soo jeediyay kooxdu inay ku saxnayd inaysan sii haysan Lionel Messi xagaagii hore sababtoo ah wuu da weyn Muranka ku saabsan faallooyinka oo Arbacadii laga sii daayay idaacadda,wanaag,wanaag,wanaag
1332,Jaceylkan i helayee Alleylehe igu saaqay Seedahayga laabtiyo Sedrigeyga oo idil saan qaadka neeftiyo ku Saleysan nolosheyda Sina igama hadhayo Nafta wan u saarayaa Hadaan samo ku helaye Sidey tahy nasiibkey Kolna seegi maaye Allow igu sim simantaan Jeclaadey Abdirahman,wanaag,wanaag,wanaag
1342,Kkkk uhuru kenyata waa inuu deni iyo Axmed madoobe ku amraa in qaadka si dhakhso ah loo furaa shuruud la aan,dhexdhexaad,dhexdhexaad,dhexdhexaad
1353,Kkkkk farmaajo ayaa hortaagan qaadka kenya iyo Amissom iney sii joogaan shacabka somaliyeed waa soo jeedaan,dhexdhexaad,dhexdhexaad,dhexdhexaad
1354,markaan daawado waxaan soo xusuustaa Wadaadkii nimanka qayilayey is yidhi wacdi oo qaadka ka jooji ee ku yidhi hebelow naagtaa ma qancisid deedna uu feedka kala daalay naagtiina hadalkaa u furay Hadeer inb qaabka aad adigu wax u wadaa armay u egtay tii wadaadkii,dhexdhexaad,dhexdhexaad,dhexdhexaad
1355,HANA QAADKA NIDAAMKA DIMUQRAADIYADA PUNTLAND MAQAAL,dhexdhexaad,dhexdhexaad,dhexdhexaad
1361,Ishisa laga arkaa ushisa lagu timaa Waad argteen siyaasiyintii Kenya iney leeyihiin Farmaajo waa inaan iska hor dhaqaajinaa kolkaasaan qaadka iyo baddaba soo ceshan karnaa Kenya hadday garatay ninka ka hortagaan boobka inagu ma garan weyney ka cadowga inaga hortagaan,dhexdhexaad,dhexdhexaad,dhexdhexaad
1394,Adigana Islaamaha Qaadka keeno maad aheed Walaasheey,dhexdhexaad,dhexdhexaad,dhexdhexaad
1413,Maxaa ku caawin kara qofka in uu naftiisa ka joojiya qaadka What can help a person in quitting khat chewing Somali Sh Cabdullaahi Barbaraawi,dhexdhexaad,dhexdhexaad,dhexdhexaad
1425,Gudoomiye cabdiraxmaan ciro iyo Gudiga qaban qaabada shir weynaha xisbigiisa wadani uu usoo xulay iyo marti qaadka uu u fidiyay,dhexdhexaad,dhexdhexaad,dhexdhexaad
1437,Boateng Messi Miyaa Iga Horeeya Balan Qaadka Ronaldo Ee United Mbapp Riyo Ku Jira Iyo Warar Kale,xumaan,xumaan,xumaan
1448,Good morning Jason we re very sorry to hear this Send us a DM with your mobile number and we ll take a look at what s happened for you,wanaag,wanaag,wanaag
1459,Farmaajo AABAHA MUSUQ MAASUQA WAA ADIGA MUDANE MR BEAN KA WARAN INA FARMAAJO QAADKA ITOBIYA,dhexdhexaad,dhexdhexaad,dhexdhexaad
1463,Qaadka Ma Familka MW Farmaajo Ayuu u Xiran Yahay Musharax A kariim Gule via,dhexdhexaad,dhexdhexaad,dhexdhexaad
1465,Jaale siyaad muxuu ka yiri qaadka iyo qabiilka Somalia,dhexdhexaad,dhexdhexaad,dhexdhexaad
1469,Qaadka Walaalaha ITOOBIYA Waa Qudaar,dhexdhexaad,dhexdhexaad,dhexdhexaad
1476,Nin baa laga sheegay anna gacan qaadka ma daayo dhinacayguna dhulka ma seego hada Itoobiya ciidan cusub qoris kama daasho guulna kuma gaadho Sawirada waa ciidamo cusub oo tababar loo soo xidhay,wanaag,wanaag,wanaag
1477,Assalaamu Calaykum Mudane RW Rooble fadlan iska iska hubi intereska dowlada Kenya ayka damacsan tahay wadamkeen GAAR AHAAN KEENISTA QAADKA Waadna mahadsan tahay hadaad ila fahamtay,dhexdhexaad,dhexdhexaad,dhexdhexaad
1483,Qaadka Kenya donimeyno,dhexdhexaad,dhexdhexaad,dhexdhexaad
1484,Rooble iyo Uhuru Kenyata oo kawada Hadlay Dacwada Bada iyo Qaadka,dhexdhexaad,dhexdhexaad,dhexdhexaad
1491,Afhayeenka Ra iisul Wasaaraha Mohamed Ibrahim Moalimuu oo BBC Soomaali la hadlay ayaa xaqiijiyay in aysan jirin wax qilaaf ah oo madaxda u dhaxeeya sidoo kale waxa uu xaqiijiyay in aan Kenya lagala hadli doonin wax hishiis ah sida arrimaha badda iyo qaadka,wanaag,wanaag,wanaag
1500,Muxuu Farmaajo ugu dhegan yahay qaadka Itoobiya una diidan yahay midka Kenya,dhexdhexaad,dhexdhexaad,dhexdhexaad
1511,Qaadka kenya oo la fasaxaa waa diyaaradaha kenya oo malaayin dollard lagu iibsan doono xildhibaano hor leh Haddii sidan si ahaato doorashada way adkaanaysa in la musuqmaasuqo,dhexdhexaad,dhexdhexaad,dhexdhexaad
1527,Qosolkeeda laab qaadka Qof arkaa ma suureeyo,dhexdhexaad,dhexdhexaad,dhexdhexaad
1531,Ganacsatada Qaadka Kenya oo mar kale codsaday in lafuro Suuqoodii Soomaaliya,dhexdhexaad,dhexdhexaad,dhexdhexaad
1538,Soomaalida qaarbaa Kan qaadka ka dherga khamrigana ku dara Badhammada furta Cawaandi iska dhiga Maatada xabbadda ka dul rida halyey u yaqaan,dhexdhexaad,dhexdhexaad,dhexdhexaad
1565,WAA WAREEY MR AWALE ALAMTARA SOO DHAAF TASADAQOO MIYAAD GALABTA KU KEENTAY HOOWSHII QAADKA WALEE IMA SIRTID ANIGA IYO INTA CAQLIGA WAX KA ARAGTA,dhexdhexaad,dhexdhexaad,dhexdhexaad
1568,Watch 4 Qiso Oo Kusabsan Qaadka Oo Argagah Leh Sh Umal Sh Mustafe on YouTube,dhexdhexaad,dhexdhexaad,dhexdhexaad
1582,CAJIIB Xafiidulaah Sh Mustafa Xaaji Ismaciil Qaadka,dhexdhexaad,dhexdhexaad,dhexdhexaad
1593,waxaan ku qoslay Ri da qaadka cuntay sida xaalkeedu uu yahay waxaana ku yaabay sida daacada ah oo wax iigu sheegay iyo madax xanuunka uu tabanaayo 3 3 QAADO ADIGAA LEH,wanaag,wanaag,wanaag
1605,Jooji Gacan Qaadka isku Salaama Asalaamu Caleykum Waa fariin kaaga timid Hey adda ACORDO Agro Coastal Research And Development Organization ACORDO,dhexdhexaad,dhexdhexaad,dhexdhexaad
1607,Qaadka hdii la cuno ma bela wr wxaas yaan lagu soo meeraysan soomli qaadka qarniyo bay cunaysay,dhexdhexaad,dhexdhexaad,dhexdhexaad
1619,Su aasha taagan Mukhaadaraad ma laga ganacsan karaa Diin iyo Maadi ahaan MAYA Heshiiska Qaadka iyo Kalluunka waa sharciyeyn Qaad halaagid ummadeed,dhexdhexaad,dhexdhexaad,dhexdhexaad
1621,Bil kasta in ku dhaw 50 million oo dollar baa inagaga baxda qaadka maxaa diiday in heshiis lala galo kaluun loogu bedelayo qaadka halka kaash Doolar ah aynu ku iibsano,dhexdhexaad,dhexdhexaad,dhexdhexaad
1623,Hormarka iyo kobaca mulshada Soomaaliyeed waxay ku xirnaan doontaah sida magaalooyinka Soomaaliyeed ay ugu tartamaan hormarka Sanadkaan dhexda maraya waa in tartan loogalaah lagu ciribtirayi qaadka Qaadka kubadal hormarinta tacliinta caafimaadka iyo bilicda deeganka,dhexdhexaad,dhexdhexaad,dhexdhexaad
1633,Still aragtida odayga waa mid xugaa dhaxal gal ah oo macquul ah madaama isticmaalka qaadka dad badan oo soomaali ah aysan waliguud iskajoojineen aan waxa is weedaarsano oo dalal wax kala gato aan noqono ceeb ma ahan aan filaa,wanaag,wanaag,wanaag
1636,libaax qaadka cun murug iyo daal isma arkeysaan cml,dhexdhexaad,dhexdhexaad,dhexdhexaad
1650,Farmaajo Wlle badalku ma ahan kan isii o ka qaado e wxa laga wada ganacsi isdhaafsasho o suuqooda kaluunka bay no fureen o way naga iibsan meeshi marka hore ay qaadka e keeni jireen ayago aanan ogalayn inanu wax u geyno,dhexdhexaad,dhexdhexaad,dhexdhexaad
1658,Waxaa lagu heshiiyay in Ethiopia Qaadkeeda Muqdisho Keento halka Soomaaliyane Kalluunkeeda Addis Ababa gayso iyadoo Diyaaraha qaadka keena ay dib u daabulayaan Kalluunka Sidaas ayaa maanta Soomaalia iyo Ethiopia heshiis ku kala saxiixden garoonka Muqdisho DR ABSHIR SAMAAN,dhexdhexaad,dhexdhexaad,dhexdhexaad
1663,Soomaaliya iyo Ethiopia oo Muqdisho ku kala saxiixday heshiis ku saabsan ganacsiga kaluunka iyo Qaadka,dhexdhexaad,dhexdhexaad,dhexdhexaad
1683,Been leg waa madaxeynihii ugu kobo qaadka badnaa ee soomara dalkeena abid abi afawork ayuu u yahay basaas dalka ujoogo ciidan soomaaliyeedna ka gatay abii,wanaag,wanaag,wanaag
1684,Aar galaanku waa kan wayn oo laba koob qaadka ah sidaan u malynaayo,dhexdhexaad,dhexdhexaad,dhexdhexaad
1720,Waxaa hadda la maqlayaa dhowaqa Qarax ka dhacay Heradda qaadka bartaha magaalada Baydhabo intii ku dhimatay Allah u naxriisto kuwii ku dhawacameyna allah caafimaad taam ah siiyo Amiin,dhexdhexaad,dhexdhexaad,dhexdhexaad
1721,Dhimashada 3 ruux iyo dhaawaca 7 kale oo shacab ah ayaa la xaqiijiyay inay ka dhalatay qaraxii goordhaw ka dhacay magaalada Baydhabo ee xarunta gobolka Baay Qaraxa ayaa la dhigay Bartamaha suuqa Qaadka lagu Iibiyo oo aad u mashquul badan,wanaag,wanaag,wanaag
1765,Some of us remember most of the happenings of the last millennium Somali Democratic Republic banned the trade and use of Maandooriyaha Qaadka in 1983 I was an interpreter then,wanaag,wanaag,wanaag
1771,Qaadka Xabashidu ma dawaa Mise ujeedo kale baa jirta,dhexdhexaad,dhexdhexaad,dhexdhexaad
1774,Faramajaha diiday Ergayga Africa kii Madaxwaynaha ahaan jiray miyaa mise waa midka qaadka Ethiopia xamar keena,dhexdhexaad,dhexdhexaad,dhexdhexaad
1776,Laandhere jareerta way shiiday halbil un halo fasaxo qaadka in ay geeyan xamar,dhexdhexaad,dhexdhexaad,dhexdhexaad
1777,Dhalinyarada cuna qaadka Kenya ha cunina hana iibsanina Ogaada in aad ku sumoowi kartaan Yarkooda iyo weynkooda naceybka soomaalida ayaa laga dhaadhiciyey,dhexdhexaad,dhexdhexaad,dhexdhexaad
1778,Qaadka Miirooga oo loo qaado Soomaaliya wali waa mamnuuc siyaasaddii Dowladda Federaalka Soomaaliyana waxba iskama beddelin,dhexdhexaad,dhexdhexaad,dhexdhexaad
1780,Qareen Qaad maxay somali ku bedelan kartaa ileen kenya qaadka lacag badan ayey ka helaysaa ee somali bedelkeeda maxay helaysaa Su ashaas iga jawaab,dhexdhexaad,dhexdhexaad,dhexdhexaad
1781,Ama qaadka ama dagaal Choose one of them,dhexdhexaad,dhexdhexaad,dhexdhexaad
1798,Isniin May 10 2021 HOL Dowladda Soomaaliya ayaa sheegtay in Qaadka Miiroowga aan wali laga qaadin xayiraadii looga mamnuucay Soomaaliya sida lagu sheegay qoraal kasoo baxay hay adda duulista Rayidka Soomaaliya,dhexdhexaad,dhexdhexaad,dhexdhexaad
1803,Dowladda Soomaaliya oo faahfaahin ka bixisay in la fasaxay Qaadka Miirowga,dhexdhexaad,dhexdhexaad,dhexdhexaad
1804,Qaadka Miiroowga ah wali looma ogola in dalka la keeno Isfahamka labada dal waa mid ku eg soocelinta xiriirka diblomaasiyadeed Kala ganacsi iyo wax wada qabsi waxay ku iman karaan wadaxaajood iyo gorgortan ay ka dhalato dheef wadaag u qalanta labada dal War cad soo maahan,wanaag,wanaag,wanaag
1813,In kasta oo dib loo soo celiyey xiriirkii diblomaasiyadeed ee labada mas uuliyiinta Soomaalida waxay yiraahdeen kama qaadi doono xayiraadda Qaadka Miroow ee ka yimaada Kenya wili,dhexdhexaad,dhexdhexaad,dhexdhexaad
1825,Qaadka Miiroowga ah wali looma ogola in dalka la keeno Isfahamka labada dal waa mid ku eg soocelinta xiriirka diblomaasiyadeed Kala ganacsi iyo wax wada qabsi waxay ku iman karaan wadaxaajood iyo gorgortan ay ka dhalato dheef wadaag u qalanta labada dal,wanaag,wanaag,wanaag
1832,Farmaajo Ganacsatada qaadka hareriga maku jiraan kuwa lala kumay,dhexdhexaad,dhexdhexaad,dhexdhexaad
1868,Somalia Qaadka lacag uma baaqan waayo awal Kenya ayuu ka imaan jiray haddana Itoobiya ayuu ka yimaadaa Shatiga Qaadka wuxuu siiyay walaalkiis Xasan Farmaajo iyo Cali Yare oo Facebook ka hawlgaliya CBB,dhexdhexaad,dhexdhexaad,dhexdhexaad
1875,Qaadka ina Farmaajo la soo dago waa xalal kan Hawiyeena waa xaran,dhexdhexaad,dhexdhexaad,dhexdhexaad
1880,Walaalayaal Somalia qaadka Kenya ha inoo soo celinina,dhexdhexaad,dhexdhexaad,dhexdhexaad
1881,Ganacsato ka Qeylo dhaan kasoo saaray Qaadka Itoobiya laga keeno oo loo xiray Nin la dhashay Farmaajo,dhexdhexaad,dhexdhexaad,dhexdhexaad
1891,Qaadka Ka reeb,dhexdhexaad,dhexdhexaad,dhexdhexaad
1892,markii hore ayaan u soo baxnay in aan dhimano sida iyaga ay qaadka iyo qamriga u jecel yihiin ayaan dhimashada u jecel nahay,wanaag,wanaag,wanaag
1894,qaadka ina lagaa xareyo wayo,dhexdhexaad,dhexdhexaad,dhexdhexaad
1898,4 tii sano ee udanbeysay dalka waxa mamulayay dad iyago qaad cunaya raba inay qaadka iska jojiyan,dhexdhexaad,dhexdhexaad,dhexdhexaad
1906,Sade21 Qaadka iyo walalahood Etobia aye lacaagtooda siyaan kkkk,dhexdhexaad,dhexdhexaad,dhexdhexaad
1908,1 Ninka Qaadka Cuna Wuxuu Dumarka kala mid yahay Xanta iyo Xaragada 2 Ninka Qaadka Cuna Wuxuu Raga kala mid yaha Muuqaalka iyo Magta 3 Ninka Qaadka Cuna Wuxuu Lo da kala mid yahay Tooraha iyo Tala Xumada 4 Ninka Qadka Cuna Wuxu Geela kala mid yahay Daaqa iyo Dibad bariga,xumaan,xumaan,xumaan
1915,Qaadka mar buu qiimo lahaa waana waagii culumaddii hore ay axaadiista iyo cilmiga ku dul xifdin jireen Lol,wanaag,wanaag,wanaag
1935,Wacyigelinta COVID19 iyo Raga Qaadka cuna,dhexdhexaad,dhexdhexaad,dhexdhexaad
1947,Is that what they call Farmaajo in Mogdisho now Qaadka as there is only one Mudaharad in Mogdisho now and it is against FARTMAJO,dhexdhexaad,dhexdhexaad,dhexdhexaad
1950,Ilaa soomaaliya laga qabto qaadka mahagagayso hal dal oo labo madaxwayne leh waa doon labo naqude lahe dhaqsayna dagtaa,dhexdhexaad,dhexdhexaad,dhexdhexaad
1957,Covid19 wuu soo laabtay Saxiiba badan ayaa sheegaya xanuun iyo calaamadaha xanuunkan Ilaah u weydiinaa inuu cafimaad siiyo inteena ka bad qabta salaanta Gacan qaadka ah ee dhaxdeena aan hakino kala foggaashaha aan ku dadaalno Cudurka iyo Colaada alaha naga dulqaado,wanaag,wanaag,wanaag
1966,Beeraleyda Qaadka miro ayaa ku duceysanaya in doordaa Soomaaliya uu San ku guuleysan Farmaajo waayo uu na cunaqabateeyey Bey leeyihiin,dhexdhexaad,dhexdhexaad,dhexdhexaad
1974,Puntland oo qaadka Ethiopia ku bedelatay Kaluun Kaluunka Bosaso laga qaaday maanta ayaa lagayn doona Magaalooyinka waawayn ee Ethiopia Sidee u aragtaa in Qaat lagu badalo Kaluun,wanaag,wanaag,wanaag
1978,Qaadka miyaa,dhexdhexaad,dhexdhexaad,dhexdhexaad
1983,Farmaajo Waa waalidii iska socatay amp dhaqan siyaasadeedkii saan qaadka ilmaha lahaa bal intee isla galaayaan in doorasho lagu heshiinaa amp in aysan heshiiskii kujirin madaxdu caqligeena yarkaa ayey ku ciyaarayaan,dhexdhexaad,dhexdhexaad,dhexdhexaad
1992,Beyle oo ka laabtay go aan uu shalay ku dhowaaqay oo la xiriiray qaadka Kenya,dhexdhexaad,dhexdhexaad,dhexdhexaad
1995,Dr Beileh warbixinta ad ka bixisay inay u xirneen dad gaar ah qaadka waa dhageystey waana ogaa dadkii beentii horey soo alifey iney mid kale ka daba geynaya Qof fidno wado ma qncin kartidee neeftada ha iska dhameen Somalia Mogadishu Puntland Galmudug KGS Jubbaland,wanaag,wanaag,wanaag
2001,Waziirku waa ku mahadsanyahay in uu saxay hadalkii ahaa in qaadka meelkasta laga keeni karo oo ay kujirto Kenyadii shalaydan nagu soo duushay oo dadkeena kulaysay Baladxawo Raali kamanihin in qaadba wadanka lakeeno StopImportingQaad,dhexdhexaad,dhexdhexaad,dhexdhexaad
2007,Afric Waa beentood Wasiir Bayle wuxuu yiri Qaadka Hareeriga ah ee kayimaada Itoobiya qofkasta wuu lasoo dagi karaa ee maahan midka kenya Waxay donaan ayeey iska soo qorayaan Saakay ayuu war saxaafadeed qabtay,dhexdhexaad,dhexdhexaad,dhexdhexaad
2015,Wasiirka wasaaradda maaliyadda Soomaaliya Cabdiraxmaan Ducaale Beyle ayaa ka laabtay hadal uu shalay ku sheegay in qaadka laga keeni karo dal kasta taasi oo loo fahmay in la fasaxay qaadka Kenya,dhexdhexaad,dhexdhexaad,dhexdhexaad
2019,Wasiir Bayle Waxaan ka hadlay oo kaliya Qaadka Herer Hadalkayga si khaldan ayaa loo fasiray AxadleTM by axadle,dhexdhexaad,dhexdhexaad,dhexdhexaad
2028,Dowlada Soomaaliya oo war ka soo saartay Qaadka ka yimaado Kenya,dhexdhexaad,dhexdhexaad,dhexdhexaad
2041,Dowladda Soomaaliya oo sharuud ku xirtay ganacsatada Qaadka kasoo dhoofsada Kenya,dhexdhexaad,dhexdhexaad,dhexdhexaad
2050,Ganacsatada Qaadka oo ka cabanaya xubno ka tirsan maamulka kaligii taliye Farmaajo DOWLADA DAROOGO U CADALAD FALI WEYSAY YAAN CADAALAD LAGA SUGIN,dhexdhexaad,dhexdhexaad,dhexdhexaad
2051,Guddoomiyaha Cusub ee Degmada Agabbar oo Xilka la wareegay iyo Ballan qaadka Qorsheyaashiisa Wax qabad,wanaag,wanaag,wanaag
2073,Axmed Maxamed waxa uu qaadka miiroowga ee Kenya laga qaado cunayay muddo 40 sano ah hadda waa uu iska joojiyay tan iyo intii Soomaaliya laga xayiray haddaba maxaa noloshiisa iska badelay,dhexdhexaad,dhexdhexaad,dhexdhexaad
2074,Maxay qaar ka mid ah dadkii qaadka ku cunijiray deegaannada Puntalnd u joojiyeen,dhexdhexaad,dhexdhexaad,dhexdhexaad
2086,Wasiirka Wasaardda Maaliyada DGKG Mudane Axmed Maxamed Xuseen oo ay wehliyaan Wasiir ku xigeenka Wasiiru Dowlaha Wasaaradda ayaa kulan la qaatay Saraakiisha Ciidanka Booliska waxaana kulanka looga hadlayey Arimo la xariira Qaadka soo Gala Magaalada Baydhabo,dhexdhexaad,dhexdhexaad,dhexdhexaad
2089,Ciidamada Dowladda iyo Maleeshiyo mar kale ku dagaalamay duleedka Muqdisho Qaadka Kenya oo la isku heysto Banaadir Somali,dhexdhexaad,dhexdhexaad,dhexdhexaad
2102,Biixi Qaadka Miirooga waa la keenaa Somaliland,dhexdhexaad,dhexdhexaad,dhexdhexaad
2104,Heshiiskii Kenya and S land 1 in qaadka baaray ee bakhaarada ku jiro dag dag loo gaarsiiyo marfishyada hargaysa iyo burco 2 in macalmiinta howl gabka ah ay wax ka dhigaan school lada Waqooyi galbeed 3 in construction workers kenyatiga shaqo abuur loo sameeyo etc etc,dhexdhexaad,dhexdhexaad,dhexdhexaad
2123,Muhiimada kulanka waa diyaarada qaadka in hargeysa laga soo dajiyo Lkn nasiib xumo hawada dalka somalia waxaa laga xukumaaa muqdisho Try another way,xumaan,xumaan,xumaan
2124,Qaadku Wax mushkilada oo uu leeyahay majirto Somaliland qaadka waa lagu cunaa Kenya wuu ka baxaa horena qaadku waa u iman jiray Somaliland cid diidayna majirin,dhexdhexaad,dhexdhexaad,dhexdhexaad
2137,Omar So u telling us Somaliland is a country lolz Qaadka Beeraleyda Kenya ayaa suuq la aan ah Marka Waxba Micno ah ma sameyneysid booqashadiisa,dhexdhexaad,dhexdhexaad,dhexdhexaad
2138,Madaxweyna qaadka naka qaad miyuu ku yiri wazirki beeraha ee dalka kenya,dhexdhexaad,dhexdhexaad,dhexdhexaad
2141,Qaadka ay suuqa uraadinayan yayna kuso dhiibin ee qadiya kala hadal,dhexdhexaad,dhexdhexaad,dhexdhexaad
2147,Cida loo shuraakoobayee shirarka loo yeeshay Ama shaadh ka loosoo xidhee shabaqa loo daadshay Marna qaadka loosoo Shan diro Shilina laga qaado Shaqadiina laga joojiyee Shaambad laga saaray Shacabkeenan kala Shoogay iyo Sharafta Sow maaha Sheekaduna waxay daarantahay,dhexdhexaad,dhexdhexaad,dhexdhexaad
2151,Qaadka hala joojiyo,dhexdhexaad,dhexdhexaad,dhexdhexaad
2164,Inbadanoo hormar ah oo qurux ah oo diiniyan ah oo dhaqaale ah oo nabad ah oo wadajirka soomaaliya ah waxaa ku lumaey qaadka ay isugu kaaya dhiibayaan kenya iyo ithopia Somalida caqliga saaxiib lama ahan ee caloosha ayeey saaxiib layihiin badankeen kama fikirno hormarkeena,wanaag,wanaag,wanaag
2168,saadaq Wa so if bixi doonan koley wa jiraan sidaan rajeynaya Xumaanti amp dhuuni qaadka aya nagu badan Insha Allah guul wey imaneysa thanks alot walaalkey,wanaag,wanaag,wanaag
2173,gallow Qorshaha laga leeyahah aya ah lcgta ku khasaareysa bixinta qaadka marki la beerto Qarashka bixi lahyd wa baaqanysa sonkorta lkn lcgta lagugu soo gadanaayo mrna khasaaro ma Ahan,dhexdhexaad,dhexdhexaad,dhexdhexaad
2214,Somalia Iyo Kenya miyey Ka Wada Hadleen Xayiraada Qaadka,dhexdhexaad,dhexdhexaad,dhexdhexaad
2215,Mudane musharrax Mowqifkaaga Badda iyo tan qaadka kenya oo lockdown ka la saaray ka hadal iyada ayaad campaign ka ku galaysaa I Ee cadee,dhexdhexaad,dhexdhexaad,dhexdhexaad
2217,Kenya Iyo Soomaliya oo La Sheegey in ayna kawada Hadlin Arimaha Qaadka ee Ay Soomaliya,dhexdhexaad,dhexdhexaad,dhexdhexaad
2232,walal MP baad tahay waliba cadcad ee ka qey qaado la dagaalanka qaadka,dhexdhexaad,dhexdhexaad,dhexdhexaad
2249,Somaliland ta meesha la idhahado Sanadkii 520 milion oo lacaga kaga qaadka itoobiya Itoobiyana Item ka saddexaad debadd u dhoofiso ay ku xisaabta doonta weeye Balse kenaya ka waran Kenayan,dhexdhexaad,dhexdhexaad,dhexdhexaad
2264,Qaad diid waa isaaq diid adigoo u ololeeya in qaadka la mamnuuco ma ahayn inaad aado meel isaaq ka taliyo waayo isaaq iyo qaad waa walaalo,dhexdhexaad,dhexdhexaad,dhexdhexaad
2268,UPDATE Booliska Somaliland ayaa sii daayey Abuukar Cawaale Qaadiid diid kaddib markii caawa lagu xidhay Laascaanood muddo kooban Ninkan oo u O loleeya joojinta qaadka ayaa loo soo masaafuriyey Garoowe Sidaa waxa ii xaqiijiyey Muuqaal duube la socda,dhexdhexaad,dhexdhexaad,dhexdhexaad
2280,Qaadka ethopia ma xalaalaa,dhexdhexaad,dhexdhexaad,dhexdhexaad
2311,Hagaajinta Qaadka meerowga ah ee loo Diro somalia,dhexdhexaad,dhexdhexaad,dhexdhexaad
2314,Iskoolada qaadka laguma cuno ee ha tago kabarada qaadka lagu gado iyo maqaayadaha lagu qayilo intuu ardayda ka dhex baxo,dhexdhexaad,dhexdhexaad,dhexdhexaad
2331,Balwadda Qaadka dhaqaalahaada iyo reerkaada ayey dumin ka fogaaw Somalia,dhexdhexaad,dhexdhexaad,dhexdhexaad
2338,Dooni mayno diyaarada qaadka,dhexdhexaad,dhexdhexaad,dhexdhexaad
2362,Waxaa aan aaad u soo dhawaynaynaa ballan qaadka Amal Bank ee ah in ay maal gelin iyo taageeris u fidiso dumar weynaha somaliland waxaa aan ka codsanaynaa bangiga Amal in ay tix gelin gaar ah siiso dumarka guduumiyaha ururka dumarka Somaliland LaunchAmalBank,wanaag,wanaag,wanaag
2364,Waa Damaanad qaadka Arzaaqdaada iyo Noloshaada Guud ahaan iyo wax walba oo aad adigu Hamineyso ayuu bixiyaa waana Magac ka mid ah magacyada Eebbe,wanaag,wanaag,wanaag
2365,Iskaa wax u qabso halagu fuliyo ciid qaadka Ganacsatada iyo shacabka ha iska kaalmeystaan Yaan la sugin cid kale,dhexdhexaad,dhexdhexaad,dhexdhexaad
2367,Shacabka reer GEDOOW hadii magaalooyinkiina in Qaad lagu gado aad ogolaataan ogaada waxaad cadowgiina siisaan lacagtiina si ay Rasaas ay idinku dilaan usoo gataan Diida Qaadka,dhexdhexaad,dhexdhexaad,dhexdhexaad
2383,QIsa Kahadlaysa qaadka qosol kSaba iga dhamaaday,dhexdhexaad,dhexdhexaad,dhexdhexaad
2391,Taariikhda somaliya intii burburka jirtey nama soo marin madaxweyne iska diidey qaadka sunta loo soo dhoofiyo dalkayna somaliya Xitta maxakiimta islaamka kuma guuleysan Aan taageerno mudane madaxweyne farmaajo oo Noqono kaalmeeyye Qaran Aragti Qaran Qaado Qabyaladdu Waa Qurun,dhexdhexaad,dhexdhexaad,dhexdhexaad
2392,Iga gaarsiiya raga Qurbejoogta ee Garaabada Qaadka cuna Ollolaha Qaaddiid Xili kasta amp Xeelad kasta,dhexdhexaad,dhexdhexaad,dhexdhexaad
2411,shiilyare Kkkkkkkkkkkl qiyamki iyo akhlaaqdi qaadka la tagey miyaa wlh waa cajiib,dhexdhexaad,dhexdhexaad,dhexdhexaad
2423,QAADKA KA BAAX SIS GET IN LINE,dhexdhexaad,dhexdhexaad,dhexdhexaad
2424,Wax qalad ah kuma aadan laheyn in aad kala garan weysay ninka ragga ah iyo Dhurwaaga kuu soo xirtay Shaarka iyo Surweelka lehna muuqaalka codka xirfadda iyo ballan qaadka ragga oo kale Waan hubaa in xitaa hadii aadan aduunka caddaalad ku helinay Alle agtisa cadalad ku helayso,wanaag,wanaag,wanaag
2428,Wax qalad ah kuma aadan laheyn in aad kala garan weysay ninka ragga ah iyo Dhurwaaga kuu soo xirtay Shaarka iyo Surweelka lehna muuqaalka codka xirfadda iyo ballan qaadka ragga oo kale FG GabaR ilaali Diinta amp Dhaqanka Gurikaaga Ku balanso Shukaansadaha W Q NuNe Ali Hassan,wanaag,wanaag,wanaag
2443,Kenya oo ku eedeysay Soomaaliya inay ka xireyso suuqa qaadka,dhexdhexaad,dhexdhexaad,dhexdhexaad
2448,Kenya oo ku eedeysay Soomaaliya inay ka xireyso suuqa qaadka,dhexdhexaad,dhexdhexaad,dhexdhexaad
2452,William ruto oo ah Madaxweyne kuxigeenka Kenya ayaa u soo jeediyey ganacsatada Qaadka Miirowga ee u dhoofin jiray Soomaaliya in ay wax kale beertaan oo ay hadda ka tanaasulaan ilaa inta ay ka dhacayso doorashada Soomaaliya taas oo ka dhigan in Farmaajo ayn dooneyn Kenya,dhexdhexaad,dhexdhexaad,dhexdhexaad
2462,William ruto oo ah Madaxweyne kuxigeenka Kenya ayaa u soo jeediyey ganacsatada Qaadka Miirowga ee u dhoofin jiray Soomaaliya in ay wax kale beertaan oo ay hadda ka tanaasulaan ilaa inta ay ka dhacayso doorashada Soomaaliya,dhexdhexaad,dhexdhexaad,dhexdhexaad
2464,William ruto oo ah Madaxweyne kuxigeenka Kenya ayaa u soo jeediyey ganacsatada Qaadka Miirowga ee u dhoofin jiray Soomaaliya in ay wax kale beertaan oo ay hadda ka tanaasulaan ilaa inta ay ka dhacayso doorashada Soomaaliya taas oo ka dhigan in Farmaajo ayn dooneyn Kenya,dhexdhexaad,dhexdhexaad,dhexdhexaad
2466,Madaxweyne kuxigeenka Kenya William Ruto ayaa sheegay in diyaaradaha Qaadka ay kala hadli doonaan dowlad cusub ee Soomaaliya kadhalan doont inta uu Farmaajo joogo wax rajo ah kama qabno waxaana beeraleyda Qaadka ugu baaqayaa in ay waxkale beertaan ayuu yiri Farmaajo hajoogo,wanaag,wanaag,wanaag
2467,Madaxweyne kuxigenka Kenya Ruto ayaa sheegay in diyaaradaha Qaatka ay kala hadli doonan dowladda cusub ee Soomaliya kadhalan doonta inta uu Farmajo joogo wax rajo ah kama qabno waxana beeraleyda Qaadka ugu baaqaya in ay waxkale beertan Farmaajo Xigasho somalia Dowladnimo,wanaag,wanaag,wanaag
2502,galmudug ayaa Amar Ku Soo Rogtay Ganacsatada Qaadka Keena,dhexdhexaad,dhexdhexaad,dhexdhexaad
2510,Hal isbuuc jooji aabahaana aad ee ka soo duceyso kana guur meeshaad hadda qaadka ka cunto Una dhawoow waaridkaa caawina,dhexdhexaad,dhexdhexaad,dhexdhexaad
2522,Abuukar dowlada maaha waa private citizen waxna ma ogolaan karo waxna ma diidi karo sida aan aniga hadalkiisa ka fahmay wuxuu rabaa in hadeey dowlada ka go an tahay in qaadka la fasaxo shuruudo adag lagu xero oo aanan si fudud loosoo deeynin Xuseen warka ma uusan fahmin,wanaag,wanaag,wanaag
2526,DOROOGO Loma heli doono wax qiil ah si logu ogalado Kenya in ay kento Anigu waxa aan Qabaa in lagu xidho 1 Shardi oo ah In magaalo kasta oo ka mid ah Kenya subax kasta Dowlada somali ay ku buufiso 100kun oo tan oo sun ah Marka ay kenya ogalato shardiga hala fasaxo qaadka,dhexdhexaad,dhexdhexaad,dhexdhexaad
2533,Shuruudaha Dowladu ku xirtay Qaadka Soomaaliya looga keni jiray Kenya,dhexdhexaad,dhexdhexaad,dhexdhexaad
2536,Akhriso Afar Shuruud oo dowlada Somalia ku xirtay in in xayiraada laga qaado Qaadka Kenya,dhexdhexaad,dhexdhexaad,dhexdhexaad
2537,Maxay yihiin afarta shardi ee DF Soomaaliya ku xirtay keenista qaadka Kenya via,dhexdhexaad,dhexdhexaad,dhexdhexaad
2546,Dowladda Federaalka ah ee Soomaaliya ayaa sharuudo adag kuxirtay in dib ay u fasaxdo duulimaadyada Qaadka ee ka imaanayay dalka Kenya waxaana sharuudahan ay yihiin kuwa siyaasad badankood la xariira Sida uu,dhexdhexaad,dhexdhexaad,dhexdhexaad
2554,Waa maxay sababta Soomaalidu ay u ilaalinayso duulimaadka Khaatka markii dowladda ay luminayso canshuuraha oo Qaadka laga helo birta dariiqyada Su aal aad u caadi ah,dhexdhexaad,dhexdhexaad,dhexdhexaad
2557,Cumar maxamud Mohamed Omar finish oo fashion dhigaayo qaadka picture loo lagalo,dhexdhexaad,dhexdhexaad,dhexdhexaad
2567,jama Waa arin Bogaadin mudan In qaadka kenya la joojiyay,dhexdhexaad,dhexdhexaad,dhexdhexaad
2569,Ganacsatada Jaadka Kenya oo dalbaday in xadka loo furo si ay u marsiiyaan Qaadka,dhexdhexaad,dhexdhexaad,dhexdhexaad
2574,Ganacsatada Kenya oo soo jeediyey qorshe ay Qaadka ku keenayaan Somalia via,dhexdhexaad,dhexdhexaad,dhexdhexaad
2577,Ganacsatada Qaadka oo codsaday in loo ogolaado in Xuduudka Soomaaliya iyo Kenya la furo,dhexdhexaad,dhexdhexaad,dhexdhexaad
2579,Ganacsatada Qaadka oo codsaday in loo ogolaado in Xuduudka Soomaaliya iyo Kenya la furo via,dhexdhexaad,dhexdhexaad,dhexdhexaad
2581,Ganacsatada Qaadka Kenya ayaa ka quustay Qaadkii u iib geyn jireen Somalia kadib markay,dhexdhexaad,dhexdhexaad,dhexdhexaad
2591,Dowladda Somaliya ayaa si rasmi ah u mamnucday Qadka Kenya Mareyaha Hay ada Dulista rayidka Axmed Macalin aya shegay in marnaba aysan Dowlada Somalia ogolan karin diyaradaha sida qaadka ee kasoo dega Garoomada Dalka,dhexdhexaad,dhexdhexaad,dhexdhexaad
2592,Dowlada Somalia Oo Go aan Rasmi ah Kasoo Saartay keenida Qaadka,dhexdhexaad,dhexdhexaad,dhexdhexaad
2609,Farmaajo Waxaa cajiib ah in wax la joojiyo ama la daayo inaan kala doorano Xal ma ahan mamnuucid Waxaan dhihi lahaa canshuurta si xad dhaaf ah ha loogu kordhiyo Sidaas uun baa siyaasada iyo dhibaatada qaadka lagu xalin karaa,wanaag,wanaag,wanaag
2624,Codka Dhalinyarada iyo Diyaarada Qaadka Farmaajo,dhexdhexaad,dhexdhexaad,dhexdhexaad
2634,Yaa ii sheegi kara faaiidada somalia ugu jirta in qaadka dib loo furro,dhexdhexaad,dhexdhexaad,dhexdhexaad
2635,Wasiirka maaliyadda FGS iyo FMS ayaa ku heshiiyay in canshuurta qaadka laga kordhiyo 2 5 illaa 4 halkii kiiloo,dhexdhexaad,dhexdhexaad,dhexdhexaad
2636,Faldan xeer lagu joojinayo qaadka soo saara Actbankhat,dhexdhexaad,dhexdhexaad,dhexdhexaad
2643,ibrahima Qaadka hallaga mamnuuco ciidanka 50 ayaa caafimaadkoodu kor u kacayaa,dhexdhexaad,dhexdhexaad,dhexdhexaad
2649,Beeralayda Iyo Ganacsatadada Qaadka kenya oo Sheegay Inay Galeen Nolol Mugdi Ah Iyagoo Eedayn U Jeediyey Dawladooda,dhexdhexaad,dhexdhexaad,dhexdhexaad
2650,Maxaa Muqdisho ku qabsaday Ganacsatadii Qaadka Kenya ee u dooneysay fasaxa Qaadka Ganacsiga Somali,dhexdhexaad,dhexdhexaad,dhexdhexaad
2658,Farmaajo Anaga ayaa sii share garaynayna kuguna taageerayna inaan kula wadno joojinta qaadka wadankeena ragaadiyay Abuukar Cawaale adna midaan kaa codsanayaa waxay tahay naga jooji English ta aad wax kusoo qorayso oo isticmaal luqadeena hooyo dadkaad wax usheegaysaa waa soomaali maaha UK,dhexdhexaad,dhexdhexaad,dhexdhexaad
2660,Xooluhu haday subaxii foofaan oo maantoo dhan soo daaqaan fiidkii caano ayaa laga helaa ee ninka Qaadka cunoow maantoo dhan baad soo daaqaysay ee reerkaagii maxaad ukeentay oo aan qeylo ahayn Sh Maxamed M Abshir,dhexdhexaad,dhexdhexaad,dhexdhexaad
2662,Jaadka waxaan ka helnaa quutul yoowmka haddii aan wayno waxaan ku biiraynaa Al Shabaab sabatoo ah wax kale oo heysano majirto jaadka Soomaaliya loo dhoofiyo nolosheena ku xiran Ganacsatada Khaadka Kenya oo ka cabanaya hakinta qaadka Soomaaliya ay geyn jireen,dhexdhexaad,dhexdhexaad,dhexdhexaad
2665,MD Farmaajo qaadka uu joojiye ma is leedahay taageero ayuu Ku raadsana fikirkaaga nala wadaag,dhexdhexaad,dhexdhexaad,dhexdhexaad
2673,Jaadka waxaan ka helnaa quutul yoowmka haddii aan wayno waxaan ku biiraynaa Al Shabaab sabatoo ah wax kale oo heysano majirto jaadka Soomaaliya loo dhoofiyo nolosheena ku xiran Ganacsatada Khaadka Kenya oo ka cabanaya hakinta qaadka Soomaaliya ay geyn jireen,dhexdhexaad,dhexdhexaad,dhexdhexaad
2680,Madaxweyne Farmaajo oo ka horyimid go aan ay Golaha Wasiirada ku fasixay inay bilowdaan Duulimaadyada Qaadka via,dhexdhexaad,dhexdhexaad,dhexdhexaad
2692,Muxuu Yahay Qodobka aan Qaadka Ahayn ee Somaliya Dhulka Ku Galisay Dhaqaalihii Wadanka Kenya,dhexdhexaad,dhexdhexaad,dhexdhexaad
2704,Madaxweyne Farmaajo oo laalay go aan golaha wasiiradu ka gaareen Qaadka Kenya,dhexdhexaad,dhexdhexaad,dhexdhexaad
2721,Qaadka asagoo fresh ah yaa dalka si maalinla ah la soo geliyaa Muqdishana waa lagu iibiyaa Amar aan fulin wadan si uu ku dhaqan galo waa ay adagtahay,wanaag,wanaag,wanaag
2724,Waan bogaadinayaa in Madaxweyne Farmaajo diido go aankii fasixitaanka diyaaradaha qaadka Kenya Mahadsanid jaalle Madaxweyne,dhexdhexaad,dhexdhexaad,dhexdhexaad
2729,Qaadku Wa Qurun ee Eebow kabadbaadi Umada Islamka ah inta kuhawlan iney quud karadshaan Sunta qaadka Allahayow kasohanuuni Ameen,dhexdhexaad,dhexdhexaad,dhexdhexaad
2739,Waqtiga la fasaxayo duulimaadyada diyaaradaha Qaadka Kenya oo la shaaciyey,dhexdhexaad,dhexdhexaad,dhexdhexaad
2740,Sidee Xukuumadda xil gaarsiinta ee Soomaaliya u fasaxday Qaadka ka yimaada dalka Kenya Banaadir Caalamka Somali,dhexdhexaad,dhexdhexaad,dhexdhexaad
2749,Farmaajo Mudane madaxweyne fadlan nagala qayb qaado joojinta qaadka,dhexdhexaad,dhexdhexaad,dhexdhexaad
2751,Dhalinyaradda Gaalkacyo oo soo dhaweyeey in dib loo celiyo diyaaradaha Qaadka kenya,dhexdhexaad,dhexdhexaad,dhexdhexaad
2756,Jaale madaxweyne waligaa hadhicin hajabin Kenya waxaa xanun ogu filan jaadka ama qaadka laga jojiyo somalia,dhexdhexaad,dhexdhexaad,dhexdhexaad
2758,Gacaliye Madaxweyne Farmaajo fadlan qaadka Soomaaliya ka mamnuuc,dhexdhexaad,dhexdhexaad,dhexdhexaad
2770,Waddadu way xaniban tahay gawaadhidu na sanka ayay isku wada hayaan Boqol gaadhi baa ka horeeya haddana hoonka ayuu tumayaa BIIB Hargeysa ka Qaadka iibinyaa wuu qaylinayaa ka misaajidka haystaa makarafoonka ayuu cirka gaynayaa ka gaadhiga wataa na hoonka ayuu iska tumayaa,dhexdhexaad,dhexdhexaad,dhexdhexaad
2778,Wax kalaba yeelkoode qaadka si wadajira ha loo mamnuuco,dhexdhexaad,dhexdhexaad,dhexdhexaad
2779,Xagay ku Dambaysay Diyaaradii Qaadka Siday ee Somaliya Hawada Ka Celisay Maxayse Kaga Jawaabtay DF Jiritaanka Diyaaradaas,dhexdhexaad,dhexdhexaad,dhexdhexaad
2783,Ganacsatada Qaadka Kenya Oo Cabasho Ka Muujiyey Qaad U Socday Puntland Oo Dib Loo Soo Celiyey,dhexdhexaad,dhexdhexaad,dhexdhexaad
2811,Waxaa bogaadin mudan go aanka dawladda Soomaaliya ay kaga reebtay diyaaradaha dalkeenna imaanaya kuwa qaadka keena Farmaajo,dhexdhexaad,dhexdhexaad,dhexdhexaad
2812,Farmaajo hadii uu diyaaradaha qaadka ka keena kenya sidaas ku joojiyo dib in loo doorto ayuu mudan yahay,dhexdhexaad,dhexdhexaad,dhexdhexaad
2822,5 Haddaan Qaadka ka yaabanahaye xashiishadna kawaran,dhexdhexaad,dhexdhexaad,dhexdhexaad
2824,Walaal Abukar Khayr Allaha ka siiyo baraarujinta amp dadaalkaaga ku adan la dagaalanka sunta qaadka Allahna waxaan ka baryayna in qaadka aan dib loo furin dawlada hada joogtiyo mid soo socotaba,dhexdhexaad,dhexdhexaad,dhexdhexaad
2826,Salaama Caleykum ourActing PM Mudane for your information Beeraleyda Qaadka Kenya maanta way dabaaldegayaan waxayku dhawaaqayaan Kheyre Out Khat In Waxaan kaa codsaneeynaa inaadan bedelin Siyaasadii Kheyre ee ahayd inaan diyaaradaha Qaadka dib loo fasaxin,dhexdhexaad,dhexdhexaad,dhexdhexaad
2837,Bulshada waxaa u wanaagsan in ay la dagaalanto cunista Qaadka via,wanaag,wanaag,wanaag
2838,Bulshada waxaa u wanaagsan in ay la dagaalanto cunista Qaadka,wanaag,wanaag,wanaag
2839,Dowladda faderaalka waxaan kacod sanayaa oo cod dheer ugu gudbinayaa in ay qaadka Naga joojiso waan ogahy day kuguula Sato joojinta geedkas xun in ay taariikhda ugalidoonto xukuumadda talada haysa kolay waan ogohoo iminka kiixabashida ayaa kasoodaga puntiland iyo Somaliland,dhexdhexaad,dhexdhexaad,dhexdhexaad
2848,Inaan qaadka cono waa inaan cuno waa inaan usheega,dhexdhexaad,dhexdhexaad,dhexdhexaad
2851,Kenya waxay u olloleyneysaa in diyaaradaha Qaadka loo fasaxo 01 082020 Please sign this petition to call on Somali government to say NO to Kenya s demands,dhexdhexaad,dhexdhexaad,dhexdhexaad
2858,euh a part kun l bas kun je sais rien dire d autre en Langues de Djibouti blg d sol c est quoi qaadka,dhexdhexaad,dhexdhexaad,dhexdhexaad
2862,gallow Sigaarta iyo tobacadu miyaanay hal mid ahayn goormaa la kala qaaday qaadka oo intuu doonaba ka xumi sawka sharcigaa hadii umadu khaldantahay miyaa lagu raacayaa,dhexdhexaad,dhexdhexaad,dhexdhexaad
2867,Waxaan ku faraxsaney in qaadka la waayo sababtoo ah dad badan oo masaakin ayaa helaya noloshooda saxda oo uu qaadku ka mashquilinayey,wanaag,wanaag,wanaag
2875,Ganacstada Qaadka Kenya oo khasaaray 80 000 markii la dib loo celiyay diyaarad Qaad siday oo Hargeysa ka degi lahayd,dhexdhexaad,dhexdhexaad,dhexdhexaad
2882,gallow 5 Horta muuse biixi ka cabasfkiisa ma qaadka idinku baxa mise is ximinta dumar Adeer mucaaridnimada xisbiyo dhan bay shaqsdood tahay Wax kale oo dadkeena anfaca aynu ka hadalno,dhexdhexaad,dhexdhexaad,dhexdhexaad
2884,Soomaaliga jooga Djibouti jijiga Xamar iyo Hargeisa ayaa laga yaabana waxa ay ku falayaan qaadka sunta ah ee looga keeno Ethiopia iyo Kenya Kuwii joogey Europe Kanada iyo Maraykan ayaa markii la mamnuucay qaadki garaabo qalalan 80 dollars ku iibsanaya,dhexdhexaad,dhexdhexaad,dhexdhexaad
2890,Caawa waxaa isoo gaaray Akhbaar sheegaysa in Madaxweynaha Kenya Mr Uhuru Kenyata uu kacodsaday Madaxweyne Mohamed Abdullahi Farmaajo in diyaaradaha Qaadka la fasaxo Jawaabta farmaajo ayaan wada sugeynaa,dhexdhexaad,dhexdhexaad,dhexdhexaad
2914,gallow haday ujeedo inta qaadka cunta,dhexdhexaad,dhexdhexaad,dhexdhexaad
2917,Kenya ayaan wax qaad ah keeni karin somalia Taas badalkeedka qaadka itoobiya ayaa lo ogolyahay inu wadanka yimaado Hadaba muxuu Yahay farqiga u dhexeeya qaadka itoobiya iyo qaadka Kenya,dhexdhexaad,dhexdhexaad,dhexdhexaad
2918,reer HARGEYSA maxay kadheheen diyaaradii qaadka siday ee Federal ku udiiday in ay fadhiisato Hargeysa,dhexdhexaad,dhexdhexaad,dhexdhexaad
2924,hadaynu nahay ree r somaliland somalia markay inaga celisay diyaaradii qaadka siday ma waxbay inatartay mise waxbay inayeeshay ani waxay ilatahay danteena bay katalisay waayo caafimaad keen ayaa kujira dad le maxay noga celisayna waan arkayee waxan leehay ila khajila,dhexdhexaad,dhexdhexaad,dhexdhexaad
2928,Farmaajo Soo daa qaadka ayaa ka dhacday Hargeysa Somaaliyay caafmaadkiina iyo dhaqaalihiina ilaashada qaadkana iska daaya Somalia,dhexdhexaad,dhexdhexaad,dhexdhexaad
2930,guy xaalka Hargeysa daawo saaxib Farmaajow qaadka inooso daa ayaa maraysa,dhexdhexaad,dhexdhexaad,dhexdhexaad
2949,Xukuumadda Soomaaliya ayaa Hawada ka celisay Diyaarad sida Qaadka Miirooga Kenya oo maanta doonaysay in ay ka degto garoonka Diyaaradaha Hargeysa Diyaaradda oo u raran Ganacsato reer Somaliland ah ayaa dib ugu laabatay gudaha Kenya waxana ay fadhiisatay Garoonka Wajeer,dhexdhexaad,dhexdhexaad,dhexdhexaad
2952,Qaadka amp Sigaarku Dhibta Uu Ku Hayo Bulshada Sheekh Cabdulkariim Xasan Xoosh via,dhexdhexaad,dhexdhexaad,dhexdhexaad
2959,Magaalada Boorama jaadkii Itoobiga lama keenin maanta balse caawa waxaa soo galay qaadka loo yaqaan buurta iyo wadaniga kadibna sidan ayuu xaalku noqday,dhexdhexaad,dhexdhexaad,dhexdhexaad
2966,Ururka Garyaqaanadda Somaliland Oo Soo Dhaweeyay Gaadiidkii Qaadka Lagu Qabtay Oo La Fasaxay,dhexdhexaad,dhexdhexaad,dhexdhexaad
2969,Halkan Ka Daawo Maxkamada Racfaanka Somaliland Oo Xukun Cusub Kasoo saartay Dadkii Lagu Soo Qabqabtay Qaadka,wanaag,wanaag,wanaag
2984,Marqaanku dhibtaas ayuu leeyahay markaa qaadka kasoo meerato oo maskaxdu kusoo dagto ayaa wax la sheega marqaanka dhexdiisa hadalka kasoo baxa wax kasoo qaad maleh Soomalia Waa midoobeysaa maalin un Insha Allah,dhexdhexaad,dhexdhexaad,dhexdhexaad
2993,Muwaadin Somaliya oo sikooban fikirkiisa u cabiray ayaa kahoryimid in dib loo furo duyuuradaha qaadka keena Somaliya Somalia,dhexdhexaad,dhexdhexaad,dhexdhexaad
